"applicationId","taId","jobId","applicationTime","status","reviewComment"
"APP-24a935ff","TA-1774710930922","JOB-004","2026-03-28 23:15:59","Pending",""
"APP-c8af8c29","TA-1774710930922","JOB-003","2026-03-28 23:16:04","Pending",""
"APP-6b64ded3","TA-1774710930922","JOB-002","2026-03-28 23:16:06","Pending",""
"APP-026743f5","TA-1774710930922","JOB-001","2026-03-28 23:16:08","Pending",""
"APP-6797da60","TA-1774711224028","JOB-004","2026-03-28 23:20:27","Pending",""
"APP-bbac8ba4","TA-1774711634553","JOB-004","2026-03-28 23:27:27","Pending",""
"APP-8557598f","TA-1774713462607","JOB-004","2026-03-28 23:57:50","Pending",""
"APP-8b53e5a3","TA-1774713746306","JOB-004","2026-03-29 00:02:32","Pending",""
"APP-c17ddc4c","TA-1774713746306","JOB-003","2026-03-29 00:06:46","Pending",""
